[
    {
        "text":"What has a face and two hands but no arms or legs?",
        "id":"1",
        "break_after":true,
        "required":true,
        "type":"single-select",
        "options":[
            "clock",
            "dog",
            "couch",
            "giraffe"
        ]
    },
    {
        "text":"What has a face and two hands but no arms or legs?",
        "id":"2",
        "break_after":true,
        "required":true,
        "type":"single-select",
        "options":[
            "clsock",
            "dodg",
            "coduch",
            "gicraffe"
        ]
    },
    {
        "text":"What has a face and two hands but no arms or legs?",
        "id":"3",
        "break_after":true,
        "required":true,
        "type":"single-select",
        "options":[
            "clsock",
            "dodg",
            "coduch",
            "gicraffe"
        ]
    },
    {
        "text":"What has a face and two hands but no arms or legs?",
        "id":"4",
        "break_after":true,
        "required":true,
        "type":"single-select",
        "options":[
            "clock",
            "dog",
            "couch",
            "giraffe"
        ]
    },
    {
        "text":"What has a face and two hands but no arms or legs?",
        "id":"5",
        "break_after":true,
        "required":true,
        "type":"single-select",
        "options":[
            "clsock",
            "dodg",
            "coduch",
            "gicraffe"
        ]
    },
    {
        "text":"What has a face and two hands but no arms or legs?",
        "id":"6",
        "break_after":true,
        "required":true,
        "type":"single-select",
        "options":[
            "clsock",
            "dodg",
            "coduch",
            "gicraffe"
        ]
    },
    {
        "text":"What has a face and two hands but no arms or legs?",
        "id":"7",
        "break_after":true,
        "required":true,
        "type":"single-select",
        "options":[
            "clock",
            "dog",
            "couch",
            "giraffe"
        ]
    },
    {
        "text":"What has a face and two hands but no arms or legs?",
        "id":"8",
        "break_after":true,
        "required":true,
        "type":"single-select",
        "options":[
            "clsock",
            "dodg",
            "coduch",
            "gicraffe"
        ]
    },
    {
        "text":"What has a face and two hands but no arms or legs?",
        "id":"9",
        "break_after":true,
        "required":true,
        "type":"single-select",
        "options":[
            "clsock",
            "dodg",
            "coduch",
            "gicraffe"
        ]
    },
    {
        "text":"What has a face and two hands but no arms or legs?",
        "id":"10",
        "break_after":true,
        "required":true,
        "type":"single-select",
        "options":[
            "clock",
            "dog",
            "couch",
            "giraffe"
        ]
    },
    {
        "text":"What has a face and two hands but no arms or legs?",
        "id":"11",
        "break_after":true,
        "required":true,
        "type":"single-select",
        "options":[
            "clsock",
            "dodg",
            "coduch",
            "gicraffe"
        ]
    },
    {
        "text":"What has a face and two hands but no arms or legs?",
        "id":"12",
        "break_after":true,
        "required":true,
        "type":"single-select",
        "options":[
            "clsock",
            "dodg",
            "coduch",
            "gicraffe"
        ]
    }
]
